{
  "titles": {
    "with_assets": 1234,
    "without_assets": 5678
  },
  "assets": {
    "total_assets": 12345678
  },
  "users": {
    "total_users": 87654431
  },
  "conversion_rule": {
    "pass": 1245,
    "fail": 123,
    "percentage_fail": 5
  },
  "totaltile_conversion": {
    "conversion": 87654431
  },
  "ready_for_conversion": {
    "conversion_ready": 124
  },
  "total_format": [
    {
      "title": "Cover JPG",
      "percentage": 10,
      "count": 12
    },
    {
      "title": "ePub",
      "percentage": 18,
      "count": 254
    },
    {
      "title": "Quark",
      "percentage": 24,
      "count": 3456
    },
    {
      "title": "MobiPocket",
      "percentage": -6,
      "count": 568
    },
    {
      "title": "Front cover",
      "percentage": -2,
      "count": 595
    },
    {
      "title": "XML",
      "percentage": 32,
      "count": 59568
    },
    {
      "title": "Cover pdf",
      "percentage": 10,
      "count": 235
    },
    {
      "title": "Indesign",
      "percentage": 11,
      "count": 235
    }
  ],
  "graph_widget_list": [
    {
      "name": "Activity summary",
      "id": 1,
      "chart": 1,
      "column": 1,
      "graph_data": {
        "labels": [
          "01/08",
          "09/16",
          "17/24",
          "25/31"
        ],
        "datasets": [
          {
            "data": [
              2,
              9,
              3,
              5,
              2,
              3
            ],
            "backgroundColor": "#ffda01",
            "borderColor": "#ffda01",
            "borderWidth": 1
          },
          {
            "data": [
              6,
              9,
              3,
              5,
              2,
              3
            ],
            "backgroundColor": "#f49dab",
            "borderColor": "#f49dab",
            "borderWidth": 1
          },
          {
            "data": [
              2,
              1,
              3,
              5,
              2,
              3
            ],
            "backgroundColor": "#10c4b5",
            "borderColor": "#10c4b5",
            "borderWidth": 1
          },
          {
            "data": [
              2,
              2,
              3,
              5,
              2,
              3
            ],
            "backgroundColor": "#a2e080",
            "borderColor": "#a2e080",
            "borderWidth": 1
          },
          {
            "data": [
              2,
              4,
              3,
              2,
              1,
              3
            ],
            "backgroundColor": "#cced3e",
            "borderColor": "#cced3e",
            "borderWidth": 1
          },
          {
            "data": [
              2,
              4,
              3,
              2,
              1,
              3
            ],
            "backgroundColor": "#adadfa",
            "borderColor": "#adadfa",
            "borderWidth": 1
          }
        ]
      }
    },
    {
      "name": "Preflight",
      "id": 2,
      "chart": 2,
      "column": 1,
      "graph_data": {
        "labels": [
          "01/08",
          "09/16",
          "17/24",
          "25/31"
        ],
        "datasets": [
          {
            "label": "green",
            "data": [
              5,
              13,
              7,
              11,
              6,
              11
            ],
            "backgroundColor": "rgba(155, 237, 112,1)",
            "borderColor": "rgba(99, 203, 50,1)",
            "borderWidth": 2
          },
          {
            "label": "grey",
            "data": [
              8,
              14,
              9,
              12,
              8,
              12
            ],
            "backgroundColor": "rgba(155, 237, 112,0.4)",
            "borderColor": "rgba(99, 203, 50,0.4)",
            "borderWidth": 2
          }
        ]
      }
    },
    {
      "name": "Approval",
      "id": 3,
      "chart": 3,
      "column": 1,
      "graph_data": {
        "app_value": 2123,
        "labels": [
          "Green",
          "Purple",
          "Orange"
        ],
        "datasets": [
          {
            "data": [
              10,
              20,
              30
            ],
            "backgroundColor": "rgba(99, 203, 50,1)"
          }
        ]
      }
    },
    {
      "name": "Eligible title",
      "id": 4,
      "chart": 4,
      "column": 1,
      "graph_data": {
        "labels": [
          "01/08",
          "09/16",
          "17/24",
          "25/31"
        ],
        "datasets": [
          {
            "data": [
              2,
              6,
              3,
              5
            ],
            "fill": false,
            "lineTension": 0,
            "borderColor": "rgba(99, 203, 50,1)",
            "borderWidth": 2
          },
          {
            "data": [
              3,
              4,
              2,
              4
            ],
            "fill": false,
            "lineTension": 0,
            "borderColor": "rgba(146, 146, 146,1)",
            "borderWidth": 2
          }
        ]
      }
    },
    {
      "name": "Delivary",
      "id": 5,
      "chart": 1,
      "column": 2,
      "graph_data": {
        "labels": [
          "Jan",
          "Feb",
          "Mar",
          "Apr",
          "May",
          "Jun",
          "Jul",
          "Aug",
          "Sep",
          "Oct",
          "Nov",
          "Dec"
        ],
        "datasets": [
          {
            "data": [
              2,
              9,
              3,
              5,
              2,
              3,
              6,
              9,
              3,
              5,
              2,
              3
            ],
            "backgroundColor": "#ffda01",
            "borderColor": "#ffda01",
            "borderWidth": 1
          },
          {
            "data": [
              6,
              9,
              3,
              5,
              2,
              3,
              3,
              5,
              2,
              3,
              6,
              9
            ],
            "backgroundColor": "#f49dab",
            "borderColor": "#f49dab",
            "borderWidth": 1
          },
          {
            "data": [
              2,
              1,
              3,
              5,
              2,
              3,
              3,
              3,
              5,
              2,
              3,
              6
            ],
            "backgroundColor": "#10c4b5",
            "borderColor": "#10c4b5",
            "borderWidth": 1
          },
          {
            "data": [
              2,
              2,
              3,
              5,
              2,
              3,
              2,
              1,
              3,
              5,
              2,
              3
            ],
            "backgroundColor": "#a2e080",
            "borderColor": "#a2e080",
            "borderWidth": 1
          },
          {
            "data": [
              2,
              4,
              3,
              2,
              1,
              3,
              4,
              3,
              2,
              1,
              3,
              2
            ],
            "backgroundColor": "#cced3e",
            "borderColor": "#cced3e",
            "borderWidth": 1
          },
          {
            "data": [
              2,
              4,
              3,
              2,
              1,
              3,
              2,
              2,
              3,
              5,
              2,
              3
            ],
            "backgroundColor": "#adadfa",
            "borderColor": "#adadfa",
            "borderWidth": 1
          }
        ]
      }
    }
  ]
}