{
    "notification": [
        {
            "title":"Format Approved",
            "id":1,
            "read":false,
            "frequency":"",
            "description":"Format <b>universal pdf</b> approved successfully",
            "date_time":"2017-12-20T09:05:05.035Z",
            "notification_type":"approval",
            "flag":false,
            "extra_details":{
                "type":"user",
                "name":"Sidd",
                "image":"",
                "designation":"Production manager",
                "email":"sidd@gmail.com"
            }
        },
        {
            "title":"excel ingestion",
            "id":2,
            "read":true,
            "frequency":"weekly once",
            "description":"excel ingestion was successfull",
            "date_time":"2017-08-05T06:05:05.035Z",
            "notification_type":"ingestion",
            "flag":true,
            "extra_details":{
                "type":"user",
                "name":"Arun",
                "image":"",
                "designation":"Production manager",
                "email":"arun@gmail.com"
            }
        },
        {
            "title":"distribution successful",
            "id":3,
            "read":false,
            "frequency":"weekly once",
            "description":"Business rule destribution successfully done",
            "date_time":"2017-08-05T04:05:05.035Z",
            "notification_type":"distribution",
            "flag":true,
            "extra_details":{
                "type":"business",
                "name":"Business rule",
                "image":""
                
            }
        },
        {
            "title":"format uploaded",
            "id":4,
            "read":true,
            "frequency":"",
            "description":"Format <b>epub</b> was  uploaded successfully",
            "date_time":"2017-08-05T06:05:05.035Z",
            "notification_type":"upload",
            "flag":true,
            "extra_details":{
                "type":"user",
                "name":"kohinoor",
                "image":"",
                "designation":"Production manager",
                "email":"kohinoor@gmail.com"
            }
        },
        {
            "title":"distribution successful",
            "id":5,
            "read":false,
            "frequency":"10 days once",
            "description":"Manual distribution successfully done",
            "date_time":"2017-07-05T06:05:05.035Z",
            "notification_type":"distribution",
            "flag":true,
            "extra_details":{
                "type":"user",
                "name":"senthil",
                "image":"",
                "designation":"Production manager",
                "email":"senthil@gmail.com"
            }
        },
        {
            "title":"business rule aproval request",
            "id":6,
            "read":false,
            "frequency":"10 days once",
            "description":"request to aprove new business rule <b>name of rule type and name</b> created",
            "date_time":"2017-07-05T06:05:05.035Z",
            "notification_type":"business",
            "flag":false,
            "extra_details":{
                "type":"user",
                "name":"arun",
                "image":"",
                "designation":"Production manager",
                "email":"arun@gmail.com"
            }
        },
        {
            "title":"onix ingestion failure",
            "id":7,
            "read":false,
            "frequency":"10 days once",
            "description":"ONIX feed ingestion from <b>name of publisher</b> was a failure",
            "date_time":"2017-06-05T06:08:05.035Z",
            "notification_type":"failure",
            "flag":false,
            "extra_details":{
                "type":"user",
                "name":"siva",
                "image":"",
                "designation":"Production manager",
                "email":"siva@gmail.com"
            }
        },
        {
            "title":"user created",
            "id":8,
            "read":false,
            "frequency":"10 days once",
            "description":"new user created successfully <b>username@codemantra.in</b>",
            "date_time":"2017-06-05T06:08:05.035Z",
            "notification_type":"create",
            "flag":false,
            "extra_details":{
                "type":"user",
                "name":"sidd",
                "image":"",
                "designation":"Production manager",
                "email":"sidd@gmail.com"
            }
        },
        {
            "title":"Missing meta data update",
            "id":9,
            "read":false,
            "frequency":"10 days once",
            "description":"missing meta data updated successfully for <b>partner name</b>",
            "date_time":"2017-06-05T06:08:05.035Z",
            "notification_type":"update",
            "flag":false,
            "extra_details":{
                "type":"user",
                "name":"suresh",
                "image":"",
                "designation":"Production manager",
                "email":"suresh@gmail.com"
            }
        },
        {
            "title":"partner created",
            "id":10,
            "read":false,
            "frequency":"10 days once",
            "description":"new partner created successfully <b>partner name</b>",
            "date_time":"2017-06-05T06:08:05.035Z",
            "notification_type":"create",
            "flag":false,
            "extra_details":{
                "type":"user",
                "name":"karthik",
                "image":"",
                "designation":"Production manager",
                "email":"karthik@gmail.com"
            }
        },
        {
            "title":"user delete",
            "id":11,
            "read":false,
            "frequency":"10 days once",
            "description":"this user  <b>username@codemantra.in</b> deleted successfully",
            "date_time":"2017-06-05T06:08:05.035Z",
            "notification_type":"delete",
            "flag":false,
            "extra_details":{
                "type":"user",
                "name":"karthik",
                "image":"",
                "designation":"Production manager",
                "email":"karthik@gmail.com"
            }
        }
        
    ],
    "reminder":[
        {
            "name":"group name",
            "id":"1",
            "read":false,
            "actions":["upload","download","upload","DRM"],
            "comments":"Comments come here!!!!",
            "date_time":"2017-11-05T06:03:05.035Z",
            "status":false
        },
        {
            "name":"second name",
            "id":"2",
            "read":false,
            "actions":["upload","download","upload","DRM"],
            "comments":"Comments come here!!!!",
            "date_time":"2017-10-05T06:09:05.035Z",
            "status":false
        },
        
        {
            "name":"third item",
            "id":"3",
            "read":true,
            "actions":["download","DRM"],
            "comments":"Comments for third item",
            "date_time":"2017-09-05T06:06:05.035Z",
            "status":false
        }
    ],
    "schedule":[
        {
            "name":"Meta data API ingesting",
            "id":"1",
            "frequency":"Weekly once",
            "freq_data":{   
                    "id":1,
                    "type":"Weekly",
                    "days_selected":"Tuesday"
                },
            "status":true
        },
        {
            "name":"Meta data satge approve requset",
            "id":"2",
            "frequency":"Monthly once",
            "freq_data":{   
                    "id":2,
                    "type":"Monthly"
                },
            "status":false
        },
        {
            "name":"Meta data satge approved status",
            "id":"3",
            "frequency":"Custom once",
            "freq_data":{   
                    "id":3,
                    "type":"Custom days",
                    "day_no":"3"
                },
            "status":false
        }
    ],
    "notification_list":[
        {
            "name":"Meta data API ingesting",
            "id":"1"
        
        },
        {
            "name":"Meta data satge approve requset",
            "id":"2"
        
        },
        {
            "name":"Meta data satge approved status",
            "id":"3"
          
        }
    ],
    "notification_with_date":[
        {
            "date":"2017-12-20T09:05:05.035Z",
            "list":[
                {
                    "id":1,
                    "read":false,
                    "frequency":"",
                    "description":"Format <b>universal pdf</b> approved successfully",
                    "date_time":"2017-12-20T09:05:05.035Z",
                    "notification_type":"approval",
                    "flag":false,
                    "extra_details":{
                        "type":"user",
                        "name":"Sidd",
                        "image":"",
                        "designation":"Production manager",
                        "email":"sidd@gmail.com"
                    }
                }
            ]
        },
        {
            "date":"2017-11-20T09:05:05.035Z",
            "list":[
                {
                    "id":2,
                    "read":false,
                    "frequency":"",
                    "description":"Format  approved successfully",
                    "date_time":"2017-11-20T09:05:05.035Z",
                    "notification_type":"approval",
                    "flag":false,
                    "extra_details":{
                        "type":"user",
                        "name":"Sidd",
                        "image":"",
                        "designation":"Production manager",
                        "email":"sidd@gmail.com"
                    }
                },
                {
                    "title":"distribution successful",
                    "id":3,
                    "read":false,
                    "frequency":"weekly once",
                    "description":"Business rule destribution successfully done",
                    "date_time":"2017-11-20T04:08:05.035Z",
                    "notification_type":"distribution",
                    "flag":true,
                    "extra_details":{
                        "type":"business",
                        "name":"Business rule",
                        "image":""
                        
                    }
                }
            ]
        }
    ]
}