{
  "productCatList": [
    {
      "accountId": "AC00001",
      "metadataTypeId": "MDT00002",
      "productCategoryId": "PC00001",
      "productCategoryName": "Antiques & Collectibles",
      "productCategoryCode": "01",
      "parentId": null,
      "children": [
        {
          "accountId": "AC00001",
          "metadataTypeId": "MDT00002",
          "productCategoryId": "PC00004",
          "productCategoryName": "General",
          "productCategoryCode": "04",
          "parentId": "PC00001"
        },
        {
          "accountId": "AC00001",
          "metadataTypeId": "MDT00002",
          "productCategoryId": "PC00005",
          "productCategoryName": "Advertising",
          "productCategoryCode": "05",
          "parentId": "PC00001"
        }
      ]
    },
    {
      "accountId": "AC00002",
      "metadataTypeId": "MDT00001",
      "productCategoryId": "PC00002",
      "productCategoryName": "Artt",
      "productCategoryCode": "02",
      "parentId": null,
      "children": [
        {
          "accountId": "AC00002",
          "metadataTypeId": "MDT00001",
          "productCategoryId": "PC00006",
          "productCategoryName": "General",
          "productCategoryCode": "06",
          "parentId": "PC00002",
          "children": [
            {
              "accountId": "AC00002",
              "metadataTypeId": "MDT00001",
              "productCategoryId": "PC00066",
              "productCategoryName": "Art Gen ch L1",
              "productCategoryCode": "13",
              "parentId": "PC00006",
              "children": [
                {
                  "accountId": "AC00002",
                  "metadataTypeId": "MDT00001",
                  "productCategoryId": "PC00067",
                  "productCategoryName": "Art Gen ch L2",
                  "productCategoryCode": "14",
                  "parentId": "PC00066",
                  "children": [
                    {
                      "accountId": "AC00002",
                      "metadataTypeId": "MDT00001",
                      "productCategoryId": "PC00068",
                      "productCategoryName": "Art Gen ch L3",
                      "productCategoryCode": "15",
                      "parentId": "PC00067",
                      "children": [
                        {
                          "accountId": "AC00002",
                          "metadataTypeId": "MDT00001",
                          "productCategoryId": "PC00069",
                          "productCategoryName": "Art Gen ch L4",
                          "productCategoryCode": "16",
                          "parentId": "PC00068",
                          "children": [
                            {
                              "accountId": "AC00002",
                              "metadataTypeId": "MDT00001",
                              "productCategoryId": "PC00070",
                              "productCategoryName": "Art Gen ch L5",
                              "productCategoryCode": "17",
                              "parentId": "PC00069"
                            }
                          ]
                        }
                      ]
                    }
                  ]
                }
              ]
            }
          ]
        },
        {
          "accountId": "AC00002",
          "metadataTypeId": "MDT00001",
          "productCategoryId": "PC00007",
          "productCategoryName": "African",
          "productCategoryCode": "07",
          "parentId": "PC00002",
          "children": [
            {
              "accountId": "AC00002",
              "metadataTypeId": "MDT00001",
              "productCategoryId": "PC00008",
              "productCategoryName": "General",
              "productCategoryCode": "08",
              "parentId": "PC00007"
            },
            {
              "accountId": "AC00001",
              "metadataTypeId": "MDT00001",
              "productCategoryId": "PC00009",
              "productCategoryName": "African American",
              "productCategoryCode": "09",
              "parentId": "PC00007",
              "children": [
                {
                  "accountId": "AC00002",
                  "metadataTypeId": "MDT00001",
                  "productCategoryId": "PC00063",
                  "productCategoryName": "Afr Amer Gen",
                  "productCategoryCode": "10",
                  "parentId": "PC00009",
                  "children": [
                    {
                      "accountId": "AC00002",
                      "metadataTypeId": "MDT00001",
                      "productCategoryId": "PC00064",
                      "productCategoryName": "Afr Amr Gen Ch L1",
                      "productCategoryCode": "11",
                      "parentId": "PC00063",
                      "children": [
                        {
                          "accountId": "AC00002",
                          "metadataTypeId": "MDT00001",
                          "productCategoryId": "PC00065",
                          "productCategoryName": "Afr Amr Gen Ch L2",
                          "productCategoryCode": "12",
                          "parentId": "PC00064"
                        }
                      ]
                    }
                  ]
                }
              ]
            }
          ]
        }
      ]
    },
    {
      "accountId": "AC00001",
      "metadataTypeId": "MDT00001",
      "productCategoryId": "PC00003",
      "productCategoryName": "Advertising",
      "productCategoryCode": "03",
      "parentId": null
    }
  ]
}