{
    "widget": {
        "basic_info":{
            "isbn":8834343434,
            "title":"some name",
            "author":"Karl aspelund",
            "publisher":"The university of north carolina press",
            "publication_date":"25/7/2017",
            "copyright_year":2017,
            "format":"universal pdf",
            "imprint":"imprint 1",
            "rights":"",
            "price":"$2502",
            "dimension":""
        },
        "toc":[],
        "widget_list":[
            {
                "name":"widget 1",
                "image":"image"
            },
            {
                "name":"widget 2",
                "image":"image"
            },
            {
                "name":"widget 3",
                "image":"image"
            },
            {
                "name":"widget 4",
                "image":"image"
            }
        ]
    }
}