[
{
"rolename":"BULK_UPLOAD",
"moduleId":"MOD00002",
"pagename" : "#/bulk-upload",
"accessId" : "ASSET_ACTIVITY"
},
{
"rolename":"MANUAL_UPLOAD",
"moduleId":"MOD00002",
"pagename" : "#/upload",
"accessId" : "ASSET_ACTIVITY"
},
{
"rolename":"DISTRIBUTION",
"moduleId":"MOD00002",
"pagename" : "#/manual-distribution",
"accessId" : "ASSET_ACTIVITY"
},
{
"rolename":"VIEW",
"moduleId":"MOD00002",
"pagename" : "#/asset",
"accessId" : "ASSET_ACTIVITY"
},
{
"rolename":"VIEW",
"moduleId":"MOD00003",
"pagename" : "#/metadata",
"accessId" : "META_ACTIVITY"
},
{
"rolename":"VIEW",
"moduleId":"MOD00006",
"pagename" : "#/user-master",
"accessId" : "USER"
},
{
"rolename":"VIEW",
"moduleId":"MOD00006",
"pagename" : "#/role-master",
"accessId" : "ROLE"
},
{
"rolename":"VIEW",
"moduleId":"MOD00006",
"pagename" : "#/business-rules",
"accessId" : "BUSINESS_RULE"
},
{
"rolename":"VIEW",
"moduleId":"MOD00006",
"pagename" : "#/partners",
"accessId" : "PARTNER"
},
{
"rolename":"VIEW",
"moduleId":"MOD00006",
"pagename" : "#/product-category",
"accessId" : "PRODUCT_CATEGORY"
},
{
"rolename":"VIEW",
"moduleId":"MOD00006",
"pagename" : "#/accounts",
"accessId" : "ACCOUNT"
},
{
"rolename":"VIEW",
"moduleId":"MOD00004",
"pagename" : "#/report",
"accessId" : "REPORT_LIST"
},
{
"rolename":"CREATE",
"moduleId":"MOD00006",
"pagename" : "#/create-business-rule",
"accessId" : "BUSINESS_RULE"
},
{
"rolename":"CREATE",
"moduleId":"MOD00006",
"pagename" : "#/create-role",
"accessId" : "ROLE"
},
{
"rolename":"CREATE",
"moduleId":"MOD00003",
"pagename" : "#/metadata-create",
"accessId" : "META_ACTIVITY"
},
{
"rolename":"EDIT",
"moduleId":"MOD00003",
"pagename" : "#/metadata-edit",
"accessId" : "META_ACTIVITY"
},
{
"rolename":"BULK_UPLOAD",
"moduleId":"MOD00003",
"pagename" : "#/metadata-upload",
"accessId" : "META_ACTIVITY"
},
{
"rolename":"DISTRIBUTION",
"moduleId":"MOD00003",
"pagename" : "#/meta-manual-distribution",
"accessId" : "META_ACTIVITY"
}


]