[
   {
      "path":"9781472521392/Sample 1",
      "_id":"5aa80ce3d601800001786364"
   },
   {
      "path":"9781472521392/9781472521392",
      "_id":"5aa8a4ffd6018000014dc27e"
   },
   {
      "path":"9781628923452/9781628923452_wm",
      "_id":"5aa8a689d6018000014dc27f"
   },
   {
      "path":"9781408892138/Ruby Worry",
      "_id":"5aa8a6f0d6018000014dc280"
   },
   {
      "path":"9781472521392/Mano_W",
      "_id":"5aa901d7d6018000014dc281"
   },
   {
      "path":"9781408179314/GANESH KUMAR IAL",
      "_id":"5ac46666e828860001338ba3"
   },
   {
      "path":"9781408179314/GANESH KUMAR IAL",
      "_id":"5ac46697e828860001338ba4"
   },
   {
      "path":"9781408179314/GANESH KUMAR IAL",
      "_id":"5ac4670ee828860001338ba5"
   },
   {
      "path":"9781472808707/GANESH KUMAR IAL",
      "_id":"5ac4644ce828860001338ba1"
   },
   {
      "path":"9781472808707/GANESH KUMAR IAL",
      "_id":"5ac464cfe828860001338ba2"
   },
   {
      "path":"9781408179314/IAL KUMAR",
      "_id":"5ac48b22e828860001338ba6"
   },
   {
      "path":"9781350011151/IAL GAN",
      "_id":"5ac4bc2de828860001338bab"
   },
   {
      "path":"9781472952905/Widget new",
      "_id":"5accd3c5e828860001bc2de1"
   },
   {
      "path":"9781472952042/chk widget page selection",
      "_id":"5accd507e828860001bc2de2"
   },
   {
      "path":"9781472960283/GANESH KUMAR",
      "_id":"5ad56f775908010001142c58"
   },
   {
      "path":"9781350043053/sdfjhgjhbjb",
      "_id":"5ad5af695908010001142c59"
   },
   {
      "path":"9781350043053/Sample Widget",
      "_id":"5ad5eef95908010001142c5a"
   },
   {
      "path":"9781350043053/Test",
      "_id":"5ad99570590801000186faad"
   },
   {
      "path":"9781350043053/arun",
      "_id":"5adde69652faff000114fe08"
   },
   {
      "path":"9781350043053/ganesh Kumar IAL",
      "_id":"5ae301b25908010001cb5d8b"
   },
   {
      "path":"9781350043053/yyyy",
      "_id":"5aec056559080100012df3e0"
   },
   {
      "path":"9781350043053/test widget qa",
      "_id":"5aec2f93590801000170e91e"
   },
   {
      "path":"9781350043053/test widget qa",
      "_id":"5aec307a590801000170e91f"
   },
   {
      "path":"9781472511676/test widget",
      "_id":"5aec3229590801000170e920"
   },
   {
      "path":"9781509915002/Titan Test",
      "_id":"5aec4488590801000170e921"
   },
   {
      "path":"9781350043053/test",
      "_id":"5aeda0d0590801000170e922"
   },
   {
      "path":"9781780936123/TawneyCH1",
      "_id":"5ac3903daf01ec82d2137db6"
   },
   {
      "path":"9781472511676/Artpolitics",
      "_id":"5ac3903baf01ec82d21375d4"
   },
   {
      "path":"9781350043053/GANESH",
      "_id":"5afbc682590801000159b7b7"
   },
   {
      "path":"9781472511676/GANESH",
      "_id":"5afbc812590801000159b7b8"
   },
   {
      "path":"9781472907363/Kumar",
      "_id":"5b0d18f759080100017b55a8"
   },
   {
      "path":"9781472907363/New Widget_001",
      "_id":"5b0d199459080100017b55a9"
   },
   {
      "path":"9781472580603/check api calls",
      "_id":"5b17cb2efa4f8c0001e949d7"
   },
   {
      "path":"9781350092273/GANESHKUMAR IAL",
      "_id":"5b1d03c1f4428a0001d9b55f"
   }
]